url,title,category
2-jenis-ikan-discus-unggulan-hasil,2 Permata Baru Dunia ikan Discus hias: Tiger Snake dan Goldenruby,Budidaya tanaman
4-jenis-lobak-korea-unggulan,Pekebun Lembang Budidayakan 4 Jenis Lobak Korea Unggulan,Budidaya tanaman
4-sayuran-varietas-unggul-dari-negeri,4 Sayuran Varietas Unggul Dari Negeri Jepang,Budidaya tanaman
7-hal-penting-dalam-merawat-aglaonema,7 Hal penting dalam Perawatan aglaonema,tanaman hias
9-langkah-perawatan-anthurium,9 Langkah Merawat Anthurium Agar Tetap Tampil Menawan,tanaman hias
aalsmeer-flower-auction-sehari-jual,Aalsmeer Flower Auction Sehari Jual 19-Juta Bunga,Agroindustri
ada-kebun-nanas-500-ha-di,Ada Kebun Nanas 500 ha di Kampar,Budidaya tanaman
adenium-bonggol-besar-pilihan-para,Adenium Bonggol Besar Pilihan Para Kolektor,tanaman hias
adu-terbang-merpati-balap-bali-jakarta,Adu Terbang Merpati Balap Bali-Jakarta,Hewan peliharaan
aeroscape-taman-gantung-dari-pipa,"Aeroscape: Taman Gantung dari Pipa, Tali, dan Kelapa",Hobi pertanian
aglaonema-cantik-hasil-berburu-di,Aglaonema Cantik Hasil Berburu di Thailand,tanaman hias
aglaonema-empat-daun-rp14-juta,"Aglaonema: Empat Daun, Rp14-juta",tanaman hias
aglaonema-putih-di-antara-merahnya,Aglaonema Putih: Mutasi Unik Hijaunya aglaonema pseudo bracteatum,tanaman hias
aigoromo-sang-peniru-kohaku,Aigoromo Sang Peniru Kohaku,akuakultur
air-rebusan-daun-saga-obat-hepatitis,Manfaat Dan Khasiat Daun Saga Sebagai Penekan Kadar SGOT dan SGPT Tubuh,Pertanian organik
alat-pemecah-kemiri-mesin-pengupas,Meningkatkan Kapasitas Produksi Kemiri Dengan Alat Pemecah Kemiri,Budidaya tanaman
alih-fungsi-ruko-menjadi-sarang-walet,Analisa Alih Fungsi Ruko Menjadi Rumah Walet,Fokus utama
almanak-petani-tua-dan-investasi,Almanak Petani Tua dan Investasi Agribisnis,Budidaya tanaman
alpukat-girisonta-di-petirahan-para,Alpukat Girisonta di Petirahan Para Romo,Budidaya tanaman
alpukat-hawaii-yang-legit-yang-jumbo,"Alpukat Hawaii: Yang Legit, Yang Jumbo",Budidaya tanaman
analisa-keuntungan-ternak-itik-dengan,Analisa Keuntungan Ternak Itik Dengan Sistim Angon,Peternakan
analisis-brand-equity-teh-celup-sariwangi-terhadap-loyalitas-konsumen,Analisis Brand Equity Teh Celup Sariwangi Terhadap Loyalitas Konsumen,Fokus utama
analisis-diversifikasi-konsumsi-pangan,Analisis Diversifikasi Konsumsi Pangan Dalam Memantapkan Ketahanan Pangan Masyarakat Pedesaan,Pertanian organik
analisis-faktor-produksi-pabrik-gula,Analisis Faktor Produksi Pabrik Gula Kebon Agung Malang,Agroindustri
analisis-pemasaran-beras-dalam-upaya-peningkatan-pendapatan-petani,Analisis Pemasaran Beras Dalam Upaya Peningkatan Pendapatan Petani,Agroindustri
analisis-pendapatan-usahatani-bawang-merah-di-kabupaten-majalengka,ANALISIS PENDAPATAN USAHATANI BAWANG MERAH DI KABUPATEN MAJALENGKA,Agroindustri
analisis-sikap-konsumen-teh-botol-sosro-berdasarkan-atribut-atribut-produk,Analisis Sikap Konsumen Teh Botol Sosro Berdasarkan Atribut-Atribut Produk,Pertanian organik
anda-sibuk-pilih-taman-saja-bromelia,Bingung Memilih Tanaman Yang Cocok Untuk Taman? Pilih Saja Bromelia,Agroindustri
anggrek-bulan-di-baju-sang-perancang,Anggrek bulan di Baju sang Perancang,Budidaya tanaman
anggrek-langka-satu-di-antara,Anggrek Langka : Satu di Antara Seribu,tanaman hias
anggur-brastagi-buah-biwa-mulai,Anggur Brastagi (Buah Biwa) Mulai Dilirik Pekebun,tanaman hias
anggur-hijau-kuning-dari-don-kruai,"Anggur Hijau White malaga, Anggur Super Dari Tanah Thailand",Budidaya tanaman
anniversary-cup-ii-arjuna-dipayungi,Anniversary Cup II:  Arjuna Dipayungi Dewi Fortuna,Budidaya tanaman
anthurium-andraeanum-sang-jawara,Sang Jawara Kontes Festival Hortikultura Indonesia,Hewan peliharaan
anthurium-jenmanii-satu-gelombang,Anthurium jenmanii wave of love: Satu Gelombang Cinta Banyak Nama,tanaman hias
anting-putri-tanaman-favorit-di,Bonsai anting putri: Tanaman Favorit di Kerajaan Bonsai,Agroindustri
aplikasi-agen-hayati-akar-tanaman-melon,Aplikasi Agen Hayati Pada Akar Tanaman Melon,Agroindustri
aquaria-pameran-aksesori-aquarium,Aquaria: Pameran Aksesori Aquarium Internasional,Pertanian organik
arwana-super-red-sapuan-merah-tubuh,Arwana Super Red: Sapuan Merah Tubuh sang Naga,Hobi pertanian
asparagus-silangan-2-negara-di-dataran,Asparagus Silangan 2 Negara di Dataran Rendah,Peternakan
asparagus-unggul-di-tangan-sorawut,Asparagus Unggul di Tangan Sorawut,Peternakan
aspek-bisnis-dan-pentingnya-menjaga,Aspek Bisnis Dan Pentingnya Menjaga Kelestarian Alam,Budidaya tanaman
asyiknya-panen-durian-watani-maz,Asyiknya Panen Durian Watani Maz Sepanjang Tahun,Budidaya tanaman
ayam-kate-serama,Mengatasi Permasalahan Seputar Pembiakan Ayam Kate Serama,Pertanian organik
ayam-merawang-ayam-kampung-unggul,Ayam Merawang: Ayam Kampung Unggul Asal Merawang,Peternakan
ayung-pilih-berkebun-ketimbang,"Ayung, Pilih Berkebun Ketimbang Menjadi Direktur",Hobi pertanian
azolla-sang-pendongkrak-unsur-hara,Azolla Sang Pendongkrak unsur Hara Tanah,Pertanian organik
babak-baru-bisnis-rebung-tanah-air,Babak Baru Bisnis Rebung Tanah Air,Agroindustri
bagaimana-cara-melebatkan-pohon-mangga,Bagaimana cara melebatkan pohon mangga ?,Budidaya tanaman
bandrol-semiliar-untuk-serama-berkelas,Bandrol Semiliar untuk Serama berkelas,Hewan peliharaan
bangkitnya-sang-naga-yang-tertidur,"Perawatan Bibit, Pupuk dan Pemangkasan Tanaman Buah Naga merah",Budidaya tanaman
batang-durian-kokoh-di-3-kaki,Batang Durian Kokoh di 3 Kaki,Budidaya tanaman
beda-kepala-naga-dan-ranchu-lion,Beda Kepala Naga dan Ranchu lion head,Hewan peliharaan
belimbing-unggulan-kala-dewa-dan-dewi,Belimbing Unggulan: Kala Dewa dan Dewi Meraih Bintang,Budidaya tanaman
benih-padi-unggulan-meningkatkan,Meningkatkan Produksi Padi Dengan Benih Padi Unggulan,Pertanian organik
benih-padi-varietas-unggul,ANALISIS SIKAP PETANI TERHADAP PENGGUNAAN BENIH PADI VARIETAS UNGGUL DI KABUPATEN SUBANG JAWA BARAT,akuakultur
benur-tahan-penyakit-dengan-prebiotik,Benur Tahan Penyakit Dengan Prebiotik Alteromonas Sp,Fokus utama
berburu-guano-di-sarang-kelelawar,Berburu Guano di Sarang Kelelawar,Peternakan
beta-karoten-dan-warna-telur-bebek,Beta Karoten Dan Warna Telur Bebek Yang Memerah,Budidaya tanaman
bibit-buah-naga-kuning-hasil-pembiakan,Bibit Buah Naga Kuning Makin Dicari Pekebun,Budidaya tanaman
bibit-jagung-hibrida-terbaik-golden,Benih jagung hibrida Terbaik golden sweeter super genjah,Budidaya tanaman
biji-ketumbar-multikhasiat-untuk,Manfaat Buah Ketumbar Untuk Pencegahan Bermacam Penyakit,tanaman hias
bila-juragan-valas-kepincut-euphorbia,Bila Juragan Valas Kepincut Euphorbia,Pertanian organik
biopestisida-pembasmi-hama-wereng,Balittra Banjar Kembangkan Biopestisida Pembasmi Hama Wereng,Agroindustri
bisnis-bibit-kentang-terganjal,Bisnis Bibit Kentang : Terganjal Faktor kebiasaan,akuakultur
bisnis-ikan-louhan-paska-booming,Bisnis Ikan louhan Paska Booming,Agroindustri
bisnis-manis-jagung-kalengan,Bisnis Manis Usaha Jagung Kalengan,Pertanian organik
bisnis-restoran-organik-dengan-pola,"Organik dan Hidroponik, Kunci Kemurahan Harga dan Kualitas Makanan di Restoran Joglo Ndeso, Magelang",Pertanian organik
bokashi-pupuk-kandang-resep-sehatkan,Pupuk Bokashi Cara Organik Untuk Suburkan Tanah,Hewan peliharaan
borobudur-all-breed-dog-show-contest,Borobudur All Breed Dog Show Contest,Hewan peliharaan
borong-serama-gaet-laba,"Budidaya Serama: Borong Serama, Gaet Laba",Agroindustri
brand-equity-dalam-pemasaran-produk,Brand Equity Dalam Pemasaran Produk Pertanian,Agroindustri
brazilian-peppertree-lada-merah,Brazilian Peppertree: Lada Merah Dengan Tiga Rasa,Agroindustri
briket-batubara-di-indonesia-briket,Efesiensi Kompor Briket Batubara Vs Briket Sekam Padi,Agroindustri
buah-cempedak-king-malaysia,"Buah Cempedak King Malaysia, Cempedak Super Sang Primadona Baru",Agroindustri
buah-gandaria-jumbo-nan-manis,Buah Gandaria Jumbo Nan Manis Dari Negri Thailand,Agroindustri
buah-gitaan-komoditas-dari-borneo,Citarasa Eksotis Buah Gitaan Dari Belantara Borneo,Agroindustri
buah-indonesia-dan-sistem-perbuahan,Buah Indonesia Dan Sistem Perbuahan Nasional Yang Tidak Optimal,Agroindustri
buah-leci-manis-berbiji-kecil-dari,Buah Leci Manis Berbiji Kecil Dari Dataran Tiongkok,Agroindustri
buah-makasar-di-sini-ditebang-di,"Buah Makasar: Di Sini Ditebang, di Cina Obat Kanker",Agroindustri
buah-manggis-ungulan-dari-rejanglebong,Buah Manggis Ungulan dari Rejanglebong,Agroindustri
buah-merah-hentikan-bila-tak-cocok,Buah Merah: Hentikan Bila Tak Cocok,Budidaya tanaman
buah-naga-nan-cantik-asal-hutan,Buah Naga Nan Cantik Asal Hutan,Budidaya tanaman
buah-nona-silangan-unggul-komoditas,Buah Nona Silangan Unggul Komoditas Ekspor Negri Gajah Putih,Budidaya tanaman
buah-unggulan-alpukat-junjung-sirih,Buah Unggulan Balitbu Solok: Alpukat 001 Dan Rambutan Sindanglaka,Budidaya tanaman
budidaya-cabai-pencegahan-serangan,Budidaya Cabai: Pencegahan Serangan Virus Kuning,Budidaya tanaman
budidaya-cendana-dengan-teknologi,Budidaya Cendana Dengan Teknologi Kultur Jaringan,Budidaya tanaman
budidaya-dan-cara-beternak-belut-dalam,Budidaya Dan Cara Beternak Belut Dalam Bak Kolam,Budidaya tanaman
budidaya-gaharu-stek-pucuk,Budidaya Gaharu Dengan Teknik Stek Pucuk,akuakultur
budidaya-ikan-gurame,Analisis Usaha Budidaya Ikan Gurame,akuakultur
budidaya-ikan-lele-sangkuriang,budidaya Ikan lele sangkuriang,akuakultur
budidaya-ikan-lele,"Budidaya ikan lele, Perawatan, Cara Pemeliharaan,dan pemanenan",Budidaya tanaman
budidaya-jagung-tanah-pasir-sprinkler,Budidaya Jagung Di Tanah Pasir Dengan Bantuan Sprinkler Pertanian,Budidaya tanaman
budidaya-kemiri-untung-rp15-juta-per-ha,"Intensif, Rp15-juta Per/Ha dari Budidaya Kemiri",Budidaya tanaman
budidaya-lobster-air-tawar-dan,Budidaya Lobster Air Tawar Dan Minimnya Pasokan,Budidaya tanaman
budidaya-lobster-bongsor-sistim,Budidaya Lobster Bongsor Sistim running water,Budidaya tanaman
budidaya-manggis-dengan-teknik-kaki,Budidaya Manggis Dengan Teknik kaki ganda sambung asuh,Budidaya tanaman
budidaya-maskoki-empat-lakon-yb,Budidaya Maskoki: Empat Lakon YB Hariantono,Budidaya ikan hias
budidaya-padi-135-ton-ha-dari-padi,"Budidaya Padi: 13,5 ton/ha dari Padi Batang Samo",Budidaya tanaman
budidaya-pangasius-di-daerah-dingin,Budidaya Pangasius di Daerah Dingin Dengan Greenhouse,Budidaya ikan
budidaya-sarang-walet-bisa-diternakan,"Kesuksesan Bisnis Sarang Walet, Syafrian Ali Kembangkan Usaha Ternak Walet",Agroindustri
budidaya-tanaman-hias-di-halaman-rumah,Euphorbia: Budidaya Tanaman Hias Di Halaman Rumah,tanaman hias
budidaya-vanili-lewat-stek-daun,Budidaya Vanili Lewat Stek Daun,Budidaya tanaman
bulungan-kekayaan-terpendam-di-tepi,Bulungan: Kekayaan Terpendam di Tepi Sungai Kayan,Fokus utama
burung-albino-mata-merah,Harga Selangit Burung Jalak Suren Albino Mata Merah,Hewan peliharaan
cabe-gunung-varietas-cabai-dataran,Cabe gunung: Varietas Cabai Dataran Tinggi,Budidaya tanaman
cantik-dan-sehat-berkat-liur-walet,Manfaat Sarang Walet untuk Kesehatan dan Kecantikan yang Terbukti Tokcer,Agroindustri
cara-aman-pindahkan-anakan-manggis,Cara Aman Pindahkan Anakan Manggis,Budidaya tanaman
cara-budidaya-jamur-merang,Budidaya jamur merang: Menjemput Laba di Atas Cawan,Budidaya tanaman
cara-budidaya-rebung-bambu-taiwan-8,Cara Budidaya Rebung Bambu Taiwan 8 Bulan Bisa Panen,Budidaya tanaman
cara-cepat-buahkan-manggis,Pohon Manggis Berbuah Dengan Cepat? Ini Caranya,Budidaya ikan hias
cara-hobiies-majalaya-saingi-koi-impor,Cara Hobiies Majalaya Saingi Koi Impor,Budidaya tanaman
cara-membasmi-rumput-liar-gulma-organik,Cara Membasmi Rumput Liar (Gulma) Dengan Herbisida Organik,Agroindustri
cara-membuat-virgin-coconut-oil,Cara Membuat Virgin Coconut Oil,Agroindustri
cara-menyilangkan-euphorbia,Cara menyilangkan euphorbia,Budidaya ayam hias
cara-merawat-ayam-serama-agar-selalu,Cara Merawat Ayam Serama Agar Selalu Tampil Memikat,tanaman hias
cara-mudah-mencangkok-batang-aglaonema,Cara Mudah Mencangkok Batang Aglaonema,Budidaya tanaman
cara-sambung-pucuk-alpukat-yang-bagus,Cara Sambung Pucuk Alpukat Yang Bagus Agar Buah Besar Dan Panjang,Agroindustri
cara-thailand-kemas-durian-ekspor,Cara Thailand Kemas Durian Ekspor,Budidaya tanaman
cara-unsur-hara-pada-tanaman,Mengatasi Kekurangan Unsur Hara Pada Lahan Tanaman Pertanian,Hewan peliharaan
carmino-dan-black-beauty-sugar-glider,Carmino Dan Black Beauty Sugar Glider Incaran Pehobi,tanaman hias
cempedak-bonsai-umur-genjah,Cempedak Bonsai Umur Genjah,Fokus utama
ciri-dan-keistimewaan-rambutan-firba,Ciri Dan Keistimewaan Rambutan Firba Dari Pontianak,Budidaya ikan hias
ciri-lou-han-berkualitas-standar,Ciri Lou Han Berkualitas Standar Malaysia,Budidaya ikan hias
corak-keemasan-di-tubuh-koi-utsuri,Corak Keemasan di Tubuh Koi Utsuri,Agroindustri
corak-shiro-utsuri-rusak-gegara-salah,Corak Shiro Utsuri Rusak Gegara Salah Pakan,Agroindustri
cpu-walet-memanggil-dan-meningkatkan,"CPU walet, Memanggil dan Meningkatkan Produksi Sarang Walet",Agroindustri
dampak-pandemi-covid-19-terhadap-pertumbuhan-ekonomi-dan-perdagangan-komoditas-pertanian-di-indonesia,Dampak Pandemi Covid-19 terhadap Pertumbuhan Ekonomi dan Perdagangan Komoditas Pertanian di Indonesia,Agroindustri
dari-madagaskar-bertabur-bunga,Dari Madagaskar Bertabur Bunga,tanaman hias
daun-sambiloto-dan-virus-flu-burung,Daun Sambiloto dan Virus Flu Burung,tanaman hias
dekorasi-apik-dari-rangkaian-bunga-nan,Dekorasi Bunga Apik Dari rangkaian Bunga Nan Cantik,Agroindustri
delima-jumbo-asli-dari-colo,Delima Jumbo Asli Dari Colo,Agroindustri
dendrobium-belang-tak-perlu-bunga,Dendrobium Belang Tak Perlu Bunga,Budidaya ikan hias
dendrobium-keriting-nan-cantik,Dendrobium Keriting nan Cantik,Fokus utama
desain-ideal-rumah-walet-sarang-putih,Desain Ideal Rumah Walet Sarang Putih Dua Lantai,tanaman hias
desain-kolam-kobster-air-tawar-cekung,Desain Kolam Lobster Air Tawar Cekung Makin Mudahkan Peternak Di Saat Panen,tanaman hias
di-bali-ikan-pembawa-hoki-menuju,Di Bali Ikan Pembawa Hoki Menuju Puncak,Fokus utama
di-kota-minyak-cinhua-berjaya,Di Kota Minyak Cinhua Berjaya,Hewan peliharaan
di-taiwan-budidaya-belimbing,Di Taiwan Budidaya Belimbing Dirambatkan,Budidaya tanaman
di-ujung-lidah-langsar-telah-teruji,Di Ujung Lidah Langsar Telah Teruji,Budidaya tanaman
dibelai-tancho-unik-dan-langka,Dibelai Tancho Unik dan langka,Agroindustri
dicari-kapulaga-untuk-ekspor,"Permintaan Ekspor Kapulaga Tinggi, Eksportir Dan Pengepul Kesulitan Penuhi Pasokan",Budidaya tanaman
dicari-pekebun-mengkudu,Dicari! Pekebun Mengkudu,Agroindustri
dongkrak-produksi-dan-kualitas-jambu,Dongkrak Produksi Buah Jambu Kristal Dengan Pupuk Guano,Agroindustri
dulang-laba-dari-anggrek-liar,Dulang Laba dari anggrek Liar,Fokus utama
durian-berdaging-tebal-di-tepian,Durian Berdaging Tebal di Tepian Selorejo,Budidaya tanaman
durian-bulungan-saat-purnama-manjakan,Durian Bulungan: Saat Purnama Manjakan Lidah,Budidaya tanaman
durian-dahlan-dan-kajang-andalan,Durian Dahlan dan Kajang Andalan Lampung,Budidaya tanaman
durian-lai-mas-cocok-untuk-pasar,Durian emas kalimantan: buah lai Kalimantan Cocok untuk Pasar Eropa,Agroindustri
durian-otak-udang-galah-draveolens,"Durian Udang Merah Kalimantan, Durian Lezat Beraroma Pisang",Agroindustri
durian-strum-srondol-kidul-bau,Durian Strum Srondol kidul: Bau Menyengat Rasa Yang Lezat,tanaman hias
durian-tak-selalu-enak-rasanya,Durian Tak Selalu Enak Rasanya,Budidaya tanaman
durian-tong-medaye-si-raja-buah,Durian Tong Medaye Si Raja Buah Unggulan Dari Tanah Mataram,tanaman hias
durian-unggul-dari-tepian-sungai,Durian Unggul Dari Tepian Sungai Sekayam,Budidaya tanaman
ekspor-belut-peluang-pasar-terbentang,"Ekspor Belut: Peluang Pasar Terbentang Luas, Pasokan Kurang",Budidaya tanaman
ekspor-buah-rambutan,Manjemen Packing Dan Handling Untuk Ekspor Buah Rambutan,Budidaya tanaman
ektrak-temulawak-sebagai-antibiotik,Ektraks Temulawak Sebagai Antibiotik Alami Untuk Hewan Ternak,Agroindustri
eric-yonathan-pulang-pergi-ke-jepang,Eric Yonathan: Pulang Pergi ke Jepang Demi Koi,tanaman hias
evolusi-menikmati-secangkir-kopi,Evolusi Menikmati Secangkir Kopi,tanaman hias
evolusi-perdagangan-aksesori-ikan-hias,Evolusi Perdagangan Aksesori Ikan Hias,Agroindustri
fafue-dae-dan-rapok-kacang-varietas,Fafue Dae Dan Rapok Kacang Varietas Unggul Dari Nusa Tenggara Timur,Agroindustri
filter-biologis-kolam-koi-sistem-vortex,Filter kolam koi menggunakan filter vortex Solusi Jernihkan Kolam Koi,Agroindustri
gaya-ngebor-cupang-aduan,Gaya Ngebor Cupang Aduan,Fokus utama
gedong-gincu-merona-di-pot-kayu,Mangga Gedong Gincu Merona di Pot Kayu,Fokus utama
geger-adenium-di-3-pulau,Geger Adenium di 3 Pulau,Fokus utama
gemerincing-rupiah-berkat-salak-pondoh,Gemerincing Rupiah Berkat Salak Pondoh,Budidaya ikan hias
gemerincing-rupiah-dari-sebuah-gaya,Gemerincing Rupiah dari Sebuah Gaya Hidup,Budidaya tanaman
golden-leopard-diskus-si-cakram,Discus Golden Leopard: Si Cakram Bermotif Macan Tutul,Agroindustri
grafting-tomat-untuk-mengendalikan,Grafting Tomat Untuk Mengendalikan Ralstonia Solanacearum Dan Peningkatan Produktivitas,Agroindustri
gudang-koi-juara-dan-hobiis-fanatik,Gudang koi juara dan hobiis fanatik,tanaman hias
guppy-kepuasan-dari-sang-liliput,Guppy: Kepuasan dari Sang Liliput,Budidaya tanaman
gurami-soang-sembilan-bulan-panen,Gurami Soang Sembilan Bulan Panen,Budidaya ikan hias
halfmoon-generasi-emas-dari-thailand,Halfmoon Generasi Emas dari Thailand,tanaman hias
hama-dan-penyakit-aglaonema-serta,Hama dan Penyakit Aglaonema Serta Pengendaliannya,Agroindustri
hamparan-kebun-leci-di-thailand,Hamparan Kebun Leci Nan Luas Di Thailand,Budidaya tanaman
hanaya-orchid-sukses-bidik-pasar,Hanaya Orchid  Sukses Bidik Pasar Berbunga,Budidaya tanaman
harapan-tergantung-di-semangkuk-sayur,Harapan Tergantung Di Semangkuk Sayur,Budidaya ikan hias
harga-jamur-merang-terkendala-pasokan,Jamur Merang: Harga Jamur Merang Tinggi Pasar Terkendala Pasokan,Budidaya tanaman
harga-jarak-kepyar-terbilang-tinggi,"Harga jarak kepyar terbilang tinggi, Pasokan minim",Budidaya tanaman
hati-hati-jamur-beracun,Hati Hati Jamur Beracun,tanaman hias
herbal-alami-infeksi-darah-dihadang,Herbal Alami: Infeksi Darah Dihadang Daun Jamblang,Budidaya tanaman
herbal-nanopropolis-mujarab-untuk,Herbal Nanopropolis Mujarab bagi penderita diabetes,Budidaya tanaman
hidroponik-bila-dua-teknologi-berpadu,Hidroponik: Bila Dua Teknologi Berpadu,Budidaya ikan hias
hindarkan-cabe-anda-dari-bahaya-virus,Hindarkan Cabe Anda dari Bahaya Virus Keriting,Budidaya ikan hias
hobi-bertani-tanpa-media-tanah-ala,Hobi bercocok tanam sayuran hidroponik Tanpa Media Tanah Ala Pejabat,Fokus utama
idealnya-puter-asuh-4-piyik-perkutut,Idealnya Puter Asuh 4 Piyik Perkutut,Budidaya tanaman
ikan-arwana-jardini-ekspor,Ekspor Ikan Arwana Jardini Makin Tersandung Regulasi Dan Birokrasi,Fokus utama
ikan-frosa-perawatan-si-muka-monyet,Ikan frontosa: Perawatan Si Muka Monyet Menuntut Kesabaran Ekstra,Agroindustri
ikan-mas-koki-si-pelepas-penat,Ikan Mas Koki Si Pelepas Penat,Budidaya ikan hias
ikan-maskoki-yang-anyar-yang-menebar,Ikan Maskoki: Yang Anyar Yang Menebar Pesona,Agroindustri
imunisasi-padi-8-9-ton-ha,Imunisasi Padi 8-9 ton/ha,Budidaya tanaman
infiltrasi-cacing-emas-di-bisnis-bibit,Infiltrasi Cacing Emas di Bisnis Bibit Kentang,Budidaya tanaman
ingin-tabulampot-jambu-citra-berbuah,Ingin Tabulampot Jambu Citra Berbuah Lebat? Inilah Kiatnya,Agroindustri
inilah-cara-paprika-cebol-di-tanam,Inilah Cara Paprika Cebol di Tanam,Agroindustri
inilah-perbedaan-fisik-ranchu-cina-dan,Inilah Perbedaan Fisik Ranchu Cina dan Thailand,Fokus utama
integrasi-pasar-dalam-sistem-pemasaran,Sistim Integrasi Pasar Dalam Sistem Pemasaran Bawang Merah,Agroindustri
investasi-bisnis-dalam-dunia,Investasi bisnis Dalam Dunia Agribisnis,Budidaya tanaman
jagung-lamuru-fm-jagung-lokal-kualitas,Jagung lamuru FM Jagung Lokal Kualitas Hybrid,Budidaya tanaman
jagung-lokal-dan-hibrida-bertarung-di,Jagung Lokal dan Hibrida Bertarung di Gorontalo,Budidaya tanaman
jahe-merah-ijo-royo-royo-ala-jakarta,Jahe merah: Ijo Royo-royo ala Jakarta Timur,Agroindustri
jambu-air-citra-jambu-cincalo-buah,"Jambu Air Citra & Jambu Cincalo,Buah Lokal Populer Di Negri Orang",Fokus utama
jambu-air-delima-asli-demak,Jambu Air Delima Asli Demak Unggulan Indonesia,Budidaya tanaman
jambu-biji-terbanggi-di-negeri-paman,Jambu Biji Terbanggi di Negeri Paman Sam,Budidaya tanaman
jambu-sukun-bangkok-jumbo,"Duo Jambu Sukun, Bangkok Jumbo di Kebun Prakoso",Agroindustri
jamur-shitake-pembibitan-dan,Jamur Shitake: Pembibitan Dan Penyimpanan Log,Budidaya tanaman
jangan-salah-pilih-ikan-cupang-aduan,"Jangan Salah Pilih Ikan Cupang Aduan, Pilih Jenis Sesuai Gaya Bertarung",Budidaya ikan hias
janji-dan-keuntungan-dari-stroberi,Janji Dan Keuntungan Dari Budidaya Stroberi,Budidaya ikan hias
jenis-ayam-serama-persilangan,3 Jenis Ayam Serama Persilangan: Tiga Rupa nan Istimewa,Budidaya ikan hias
jenis-jenis-jambu-air-unggulan,Jenis Jenis Jambu Air Lokal Yang Makin Populer Di Negri Orang,Budidaya ikan hias
jeruk-keprok-sebuah-warisan-di-dusun,Jeruk Keprok: Sebuah Warisan di Dusun Kacang,Budidaya ikan hias
jeruk-siem-batola-ditepian-sungai,Jeruk Siem Batola Ditepian Sungai Barito,Budidaya tanaman
jeruk-wangkang-dan-siem-madu,Jeruk Wangkang dan siem madu  Jeruk Terbaik dari Ketapang Dan Karo,Fokus utama
johar-si-penakluk-kaki-gajah,Senna siamea Si penakluk Kaki Gajah,Budidaya tanaman
jorang-6-meter-meriahkan-lomba-mancing,Jorang 6 Meter Meriahkan Lomba Mancing Tegeg,Budidaya tanaman
jurus-jitu-cegah-parasit-white-spot,Jurus Jitu Cegah Parasit White Spot,Budidaya tanaman
jus-mengkudu-perontok-berbagai-macam,Jus Mengkudu Perontok Berbagai Macam Penyakit,Budidaya tanaman
kain-sekat-ruang-inap-rumah-walet,Sekat Ruang Inap Rumah Dalet Dongkrak Populasi Walet,Budidaya tanaman
kala-penghasil-liur-emas-tertambat-di,Kala Penghasil Liur Emas Tertambat di Penang,Budidaya tanaman
kala-sang-ranchu-mencuri-hati,Kala Sang Ranchu Mencuri Hati,Budidaya tanaman
kandungan-nitrite-pada-sarang-walet,Permasalahan Kandungan Nitrite Pada Sarang Walet,Fokus utama
karena-buah-melon-rindu-terhapus,Dua Varietas Melon Terbaik dari Negeri Jepang,Agroindustri
karina-suwandi-ayunan-cangkul-sang-model,Karina Suwandi Ayunan Cangkul sang Model,Agroindustri
kawah-candradimuka-untuk-cupang-aduan,Kriteria Dalam memilih dan perawatan cupang aduan Terbaik,Budidaya ikan hias
kebijakan-otonomi-daerah-dan-dampaknya-terhadap-kinerja-industri-gula-di-kabupaten-pasuruan,Kebijakan Otonomi Daerah Dan Dampaknya Terhadap Kinerja Industri Gula Di Kabupaten Pasuruan,Budidaya tanaman
kebun-hidroponik-mini-panen-balado-di,Kebun Hidroponik Mini: Panen Balado di Halaman Rumah,Agroindustri
kebun-sayur-jepang-di-kaki-gunung,Hamparan Lahan kebun sayur Jepang di Kaki Gunung Burangrang,Budidaya tanaman
kedaulatan-benih-tanaman-guna,Benih Tanaman Dan Kedaulatan Pangan,Budidaya tanaman
keistimewaan-mangga-udang-dari-sumba,Keistimewaan Buah Mangga Udang Dari Sumba Manis Dan Berserat,Budidaya tanaman
keistimewaan-sawo-manila-dari-pare,Keistimewaan buah sawo manila Dari Pare,Budidaya tanaman
kelebihan-kelengkeng-itoh-edaw,Keunggulan Dan Kelebihan kelengkeng itoh/Edaw,Budidaya tanaman
kelengkeng-tabulampot-pupuk-minyak-ikan,Kelengkeng Tabulampot Buah Lebat Berkat Pupuk Minyak ikan,Budidaya tanaman
kembang-eksotik-dari-gurun-ke-kamar,Kembang Eksotik: Dari Gurun ke Kamar Mandi,tanaman hias
kemenangan-nyaris-sempurna-duku,Kemenangan (Nyaris) Sempurna Duku Rasuan,Budidaya tanaman
kemolekan-lou-han-kenikmatan-rudi,"Kemolekan Lou Han, Kenikmatan Rudi",Hewan peliharaan
kendala-pemasaran-gambir-lokal-ke,Beragam Kendala Pemasaran Gambir Lokal Ke Pasar Internasional,Agroindustri
kendala-seputar-ekspor-impor-vanili,Kendala Seputar Ekspor Impor Vanili,Agroindustri
kesempatan-berinvestasi-nanas-di-pulau,Kesempatan Berinvestasi Nanas di Pulau Bintan,Agroindustri
ketakung-di-dalam-edisi-prangko,Ketakung di Dalam Edisi Prangko,tanaman hias
ketika-musim-buah-tiba,Ketika Musim Buah Tiba,Budidaya tanaman
keunggulan-cabe-keriting-dibandingkan,Keunggulan Cabe keriting Dibandingkan Cabai besar,Budidaya tanaman
khasiat-buah-makasar-untuk-pengobatan,Khasiat Buah Makasar untuk Pengobatan Kanker Hati,Budidaya tanaman
khasiat-dan-manfaat-bawang-putih-untuk,Khasiat Dan Manfaat Bawang Putih Untuk Beragam Penyakit,Budidaya tanaman
khasiat-dan-manfaat-buah-merah-papua,Khasiat Dan Manfaat Buah Merah Papua,Budidaya tanaman
khasiat-dedalu-putih-sebagai-paracetamol,Paracetamol Alami Untuk Meredakan sakit kepala,Pertanian organik
khasiat-ekstrak-biji-anggur-untuk,Khasiat ekstrak biji anggur Untuk Menekan Penyakit Stroke,Budidaya tanaman
khasiat-ekstrak-buah-merah-untuk,Khasiat Ekstrak Buah Merah Untuk Beragam Penyakit,Budidaya tanaman
khasiat-ekstrak-kulit-jeruk-sebagai,Khasiat Dan Manfaat Kulit Jeruk Sebagai Herbal Untuk Osteoporosis,Budidaya tanaman
khasiat-herbal-ekstrak-meniran-untuk,Khasiat Herbal Ekstrak Meniran Untuk Bermacam Penyakit,Budidaya tanaman
khasiat-panacea-lendir-jamur-kuping,Khasiat Panacea pada Lendir Jamur Kuping,Budidaya tanaman
khasiat-vco-dan-daun-kecibeling-untuk,Khasiat VCO Dan Daun Kecibeling Untuk Penyakit Ginjal,Budidaya tanaman
kiat-hobiis-cetak-cupang-jawara,Kiat Hobiis Cetak Cupang Jawara,Budidaya tanaman
kiat-membuat-aquascape-minimalis,Kiat membuat Aquascape Minimalis Dengan Biaya murah,Hewan peliharaan
kiat-menjaga-kolam-koi-outdoor-tetap,Kiat Menjaga kolam koi outdoor Tetap Bersih,Hewan peliharaan
kiat-sukses-bertanam-shisito-peppers,Langkah Dalam Membudidayakan Cabai shishito,Hewan peliharaan
kisah-juragan-sale-pisang-raup-rupiah,"Kisah Juragan Sale Pisang, Raup Rupiah Dari Pisang",Budidaya tanaman
kolam-taman-minimalis-penghilang,Kolam taman minimalis depan rumah Penghilang Stress,Agroindustri
koleksi-bromeliad-baru-nan-molek,"Shelldance bromeliad,  Koleksi bromeliad baru nan molek",tanaman hias
komoditas-pertanian-prospek-pertanian-di-indonesia,Komoditas Pertanian: Prospek Pertanian Di Indonesia,Budidaya tanaman
konservasi-dan-penangkaran-harimau-di,Konservasi Harimau di 13 Tiger Range Countries,Fokus utama
kontes-best-bonsai-santigi-show,Kontes Best Bonsai Santigi Show,Fokus utama
kontes-bunga-adenium-semarak-merah,Kontes Bunga Adenium Semarak Merah Putih,Budidaya tanaman
kontes-perdana-serama-terujinya-sang,Kontes Perdana Serama Terujinya sang Juara,Fokus utama
kota-mati-gara-gara-rumah-walet,Kota Mati gara Gara Rumah Walet,tanaman hias
kreasi-bonsai-adenium-unik-nan-cantik,Kreasi Bonsai Adenium Unik Nan Cantik,Budidaya tanaman
kreasi-kaktus-mini-dengan-konsep-dry,Hiasan Kaktus Mini Dengan Konsep Dry Miniature Garden,tanaman hias
kriteria-ideal-arwana-unggulan,Kriteria Ideal Arwana Unggulan,Hewan peliharaan
kriteria-memilih-virgin-coconut-oil,Kriteria Memilih Virgin coconut oil Bermutu,Hewan peliharaan
kualitas-air-tambak-alga-merah,Memperbaiki Kualitas Air Tambak Udang Dengan alga merah,Hewan peliharaan
kunci-sukses-melebatkan-produksi-buah,Rahasia Pembuahan Jeruk Keprok dalam Pot,Hewan peliharaan
kutahu-yang-anda-mau-sayuran-organik,Kutahu yang Anda Mau: Sayuran Organik,Budidaya tanaman
laba-minyak-kelapa-murni-minyak-vco,Laba Berlipat Dari Minyak Kelapa Murni (Minyak VCO),Agroindustri
langkah-dan-cara-pembesaran-lobster,Langkah Dan Cara Pembesaran Lobster Secara Efektif,Budidaya tanaman
langkah-dan-pencegahan-busuk-daun,Langkah Dan Pencegahan Busuk Daun Tanaman Kentang,Budidaya tanaman
langkah-menghasilkan-ranchu,Langkah Menghasilkan Ranchu Berkualitas Dan Bermutu,Hewan peliharaan
langsat-tanjung-sekali-cicip,Langsat Tanjung: Sekali Cicip Langsung Ketagihan,Budidaya tanaman
leci-istimewa-dari-tembok-samudera,leci Istimewa dari Tembok Samudera,Budidaya tanaman
leci-maluku-citarasa-lacing-asam-manis,Leci Maluku: Citarasa Lacing Asam Manis Dari Pulau Seram,tanaman hias
legenda-perkutut-jawa-di-negri,Mitos Perkutut Jawa Di Negri Thailand,Hewan peliharaan
lengkeng-sang-jenderal-berlian,"Lengkeng sang Jenderal \""Berlian\"" Berdaging Kering",Hewan peliharaan
leopard-prince-terbaik-se-asia-pasifik,Leopard prince Terbaik Se-Asia Pasifik,Hewan peliharaan
liukan-blackmoor-membungkam-singapura,Liukan Blackmoor Membungkam Singapura,Hewan peliharaan
lobster-top-dari-lembah-baliem,Lobster Top Dari Lembah Baliem,Hewan peliharaan
lomba-merpati-balap-hercules-terkuat-di,Lomba Merpati Balap: Hercules Terkuat di Serpong,Fokus utama
lomba-terbang-merpati-pos-900-km,Lomba Terbang Merpati Pos 900 km,Fokus utama
lou-han-persegi-bundar-atau-jidat,"Lou Han Persegi, Bundar, atau Jidat Besar",Budidaya tanaman
louhan-cencu-mutiara-kualitas-kontes,Louhan Cencu Mutiara Kualitas kontes Hasil Pembiakan Pehobiis Jateng,Budidaya tanaman
love-bird-gobi-dan-gondo-mayyit,Love bird Gobi dan Murai Batu Gondo Mayyit Berkicau Tanpa Henti Rajai Dua Kelas,Hewan peliharaan
luar-biasa-66-ton-panen-kentang,Seleksi Bibit Kentang berkualitas 66 Ton Panen Kentang per Hektar,Budidaya tanaman
macan-tutul-eksotis-di-akuarium,Macan Tutul Eksotis di Akuarium,akuakultur
madonna-penerus-tahta-jawara-nasional,"Madonna, Penerus Tahta Jawara Nasional",Hewan peliharaan
madu-madu-di-mangga-baru,Madu-madu di Mangga Baru,Hobi pertanian
makan-sehat-dan-kenyang-di-warung,Makanan sehat Di Warung Organik Pak Oles,Pertanian organik
makassar-koi-show-2019-shiro,Makassar Koi Show 2019:  Shiro Utsuri Juara,tanaman hias
manfaat-dan-kegunaan-asam-laurat,Manfaat Dan Kegunaan Asam laurat,Pertanian organik
manfaat-dan-keuntungan-budidaya-pisang,Keuntungan Budidaya Pisang Bagi Para Pekebun,Pertanian organik
manfaat-dan-khasiat-cordyceps-sinensis,Manfaat Dan Khasiat cordyceps sinensis Untuk Kesehatan,Budidaya tanaman
manfaat-dan-khasiat-kunyit-untuk,Manfaat Dan Khasiat Kunyit untuk Kesehatan,Pertanian organik
manfaat-gamat-untuk-pengobatan,Manfaat Gamat Untuk Pengobatan Bermacam Penyakit,Pertanian organik
manfaat-kefir-yang-kaya-akan-zat-anti,Manfaat Susu Kefir Bagi Kesehatan Tubuh,Pertanian organik
manfaat-program-kawasan-rumah-pangan,Manfaat Program Kawasan Rumah Pangan Lestari (KRPL) Untuk Masyarakat,Pertanian organik
manfaat-pupuk-phonska-untuk-pertanian,Memahami Cara Menggunakan Pupuk NPK Phonska untuk Meningkatkan Pertumbuhan Tanaman,Budidaya tanaman
manfaat-sirih-merah-sebagai-tanaman,Manfaat Sirih Merah Sebagai Tanaman Obat,Budidaya tanaman
manfaat-susu-kambing-etawa,Manfaat Susu Kambing Etawa Untuk Kesehatan Tubuh,Pertanian organik
manfaat-ubijalar-sebagai-pencegah,Manfaat Ubijalar Sebagai Pencegah Kanker,Pertanian organik
manfaat-virgin-coconut-oil-untuk,Manfaat Virgin Coconut Oil Untuk Kesehatan,Pertanian organik
mangga-baru-dari-negeri-tetangga,Mangga Baru dari Negeri Tetangga,Pertanian organik
manggis-lingsar-si-putih-dari-lombok,Manggis Lingsar: Si putih Dari Lombok,Budidaya tanaman
maskoki-cantik-dari-atas-garasi,Maskoki Cantik dari Atas Garasi,Budidaya tanaman
mata-indah-milik-blackmoor,Mata Indah Milik Blackmoor,Hewan peliharaan
mau-susu-jagung-belilah-di-thailand,Mau Susu Jagung? Belilah di Thailand,akuakultur
mawar-gurun-bermandi-bunga,Mawar Gurun Bermandi Bunga,akuakultur
melaju-dengan-minyak-jarak-murni,Melaju Dengan Bahan Bakar Minyak Jarak Murni,Pertanian organik
melati-yang-keracunan-zpt-fitohormon,Pulihkan Kondisi Melati Yang Keracunan Zat perangsang tumbuh,tanaman hias
melon-jade-flower-varietas-buah-melon,Melon Jade Flower: Varietas Buah Melon Beraroma Mawar,tanaman hias
membedakan-plakat-halfmoon-palsu,"Membedakan Plakat/Halfmoon \""Palsu\"" Yang Makin Marak Di Pasaran",tanaman hias
memburu-kenikmatan-di-sebatang-cerutu,Memburu Kenikmatan di Sebatang Cerutu,Fokus utama
memilih-dan-merawat-tanaman-gantung,Memilih Dan Merawat Tanaman Gantung,Hobi pertanian
memilih-indukan-cucak-rawa-berkualitas,Memilih Indukan Cucak Rawa Berkualitas Kontes,Hobi pertanian
memilih-media-tanam-yang-tepat-untuk,Memilih Media Tanam Yang Tepat Untuk Tanaman Hias,Hobi pertanian
mempercepat-pertumbuhan-adenium-dengan,Mempercepat Pertumbuhan Adenium Dengan Teknik Perendaman,Fokus utama
menanti-buah-indonesia-di-pasar-dunia,Menanti Buah Indonesia di Pasar Dunia,tanaman hias
mendulang-laba-dari-labu-jepang,Mendulang Laba Dari Labu Jepang (labu kabocha),Budidaya tanaman
mengail-pasar-di-aquarama,Mengail Pasar Di Aquarama,Hewan peliharaan
mengatasi-bau-kandang-itik,Cara mengatasi kandang itik berbau tak sedap,Hewan peliharaan
menghilangkan-hama-kutuputih-kutu-kebul,Cara Efektif Menghilangkan Hama Kutu Putih(kutu kebul) Pada Tanaman Cabe,akuakultur
mengunjungi-farm-itik-terpadu-di-kota,Mengunjungi Farm Itik Terpadu di Kota Udang,Hewan peliharaan
mensiasati-maraknya-aksi-pencurian,Mensiasati Maraknya Aksi Pencurian Tanaman Hias,Hobi pertanian
menthailandkan-buah-indonesia,Mewujudkan Pengembangan Buah Buahan Indonesia: Dari Klon Unggulan hingga Promosi Internasional,akuakultur
menyibak-peluang-bisnis-sawi,Menyibak Peluang Bisnis Sawi,tanaman hias
menyikapi-demam-anthurium-di-tanah-air,Menyikapi Demam Anthurium Di Tanah Air,Hewan peliharaan
merah-putih-berkibar-di-niigata,Merah Putih Berkibar di Niigata,Pertanian organik
mereka-datang-disambut-ngaben,"Mereka Datang Disambut \""Ngaben\",Pertanian organik
mereka-yang-bergelut-di-ekspor-impor,Mereka Yang Bergelut Di Ekspor Impor Buah Lokal,tanaman hias
mereka-yang-dimabuk-keindahan-ikan,Mereka Yang Dimabuk Keindahan Ikan Ranchu,Hewan peliharaan
mereka-yang-tersihir-anthurium,Mereka Yang Tersihir Anthurium,Hewan peliharaan
merpati-balap-pilih-sang-calon-jagoan,Merpati Balap: Pilih Sang Calon Jagoan Balap,Hewan peliharaan
merry-andani-antara-dangdut-dan,Merry Andani: Antara Dangdut dan Organik,akuakultur
mesin-pemipil-jagung-otomatis-dari,Mesin Pemipil Jagung Otomatis Dari Tanah Abang Karya Anak Bangsa,Fokus utama
mesin-pengering-sayuran-dried,Alat Pengering Sayuran Dried Vegetable Produksi Lokal,Fokus utama
migrasi-sayuran-mediteran-ke-buyan,Migrasi Sayuran Mediteran ke Buyan,Budidaya tanaman
mint-bersandar-pada-negeri-jiran-atau,Mint: Bersandar pada Negeri Jiran atau Swasembada?,Pertanian organik
minyak-atsiri-banyak-diminta-penuh,"Minyak Atsiri:  Banyak Diminta, Penuh Kendala",Hewan peliharaan
modoinding-sentra-sayuran-terbesar,Modoinding Sentra Sayuran Terbesar Di Selatan Manado,Pertanian organik
musuh-musuh-besar-adenium,Musuh-musuh Besar Adenium,Pertanian organik
mutasi-pachypodium-gara-gara-sel-tak,Mutasi Pachypodium: Gara-gara Sel Tak Terkendali,akuakultur
nafas-ellindo-di-phalaenopsis-taiwan,Nafas Ellindo di Phalaenopsis Taiwan,akuakultur
nangka-sri-banjong,"Nangka Sri Banjong, Tajuk Rimbun Si Buah Genjah",Hobi pertanian
nepenthes-lowii-bird-toilet-bowl,Nepenthes Lowii: Bird Toilet Bowl,akuakultur
nilai-tambah-agroindustri-belimbing,Nilai Tambah Agroindustri Belimbing Manis (Averrhoa Carambola L.) Dan Optimalisasi Output Sebagai Upaya Peningkatan Pendapatan,tanaman hias
nuri-ternate-si-cantik-yang-pintar,"Nuri Ternate: Si Cantik yang Pintar \""Ngomong\",tanaman hias
old-crack-nya-minyak-cengkeh-banyumas,Old Crack-nya Minyak Cengkeh Banyumas,tanaman hias
oleh-oleh-dari-phuket-billfish,Oleh-oleh dari Phuket Billfish Tournament,akuakultur
omzet-puluhan-juta-rupiah-dari-usaha,"Harga Jalak Suren Semakin Tinggi, Peternak Raup Untung Berlipat",Hobi pertanian
oven-pengering-jantung-pisang,Oven Pengering Jantung Pisang Bertenaga Surya untuk Segala Cuaca,tanaman hias
pachypodium-brevicaule-yang-lahir-di,Pachypodium brevicaule: Yang Lahir di Atas Kapas,Budidaya tanaman
pachypodium-namaquanum-tumbuh-lambat,Pachypodium namaquanum: Tumbuh Lambat Harga Selangit,tanaman hias
pachypodium-yang-anti-air,Pachypodium Yang Anti Air,Budidaya tanaman
packing-box-ayam-serama-untuk-export,Packing Box Ayam Serama Untuk Export,Fokus utama
pacu-produksi-kentang-dengan-ajir,Pacu Produksi Kentang Dengan Ajir,tanaman hias
pakan-itik-irit-dari-limbah-guna,Pakan Itik Irit Dari Limbah Guna Tekan Biaya Produksi,akuakultur
panah-merah-menancap-sasaran,Panah Merah Menancap Sasaran,akuakultur
pancuran-kolam-minimalis-ala-bunderan,Pancuran kolam minimalis Ala Bunderan HI,akuakultur
panduan-bertani-semangka,"Panduan bertani Semangka, Perawatan hingga Tahap pemanenan",akuakultur
panen-dragon-fruit-3-kali-setahun,Panen Dragon fruit 3 Kali Setahun,akuakultur
panen-gandum-di-tosari,Panen Gandum di Tosari,tanaman hias
panen-liur-emas-di-luar-jawa,Panen Liur Emas di Luar Jawa,Fokus utama
panen-raya-ikan-sungai,Panen Raya Ikan Sungai,akuakultur
panen-rezeki-dari-selembar-daun,Panen Rezeki dari Selembar Daun,Pertanian organik
panen-teknik-nutrient-film-technique,Hasil Panen Bermutu Menggunakan Teknik Nutrient Film Technique,Hobi pertanian
panen-unshui-di-lahan-bekas-teh,Panen Unshui di lahan bekas teh,akuakultur
paprika-pancawarna-tobaco-mosaic-virus,Paprika Pancawarna: Varietas Terbaru Tahan Tobaco Mosaic Virus,Pertanian organik
parade-buah-eksotis-baru,Parade Buah Eksotis Baru,Pertanian organik
pasupati-patin-hibrid-silangan-jambal,Pasupati: Patin Hibrid Silangan Jambal Dan Siam,Hewan peliharaan
peluang-bisnis-di-balik-tren-ikan,Peluang Bisnis Di Balik Tren Ikan Mas Koki,Hewan peliharaan
peluang-bisnis-sayuran-fresh-cut,Peluang Bisnis Sayuran Fresh Cut Dan Mix Vegetables Untuk Pasar Mancanegara,akuakultur
peluang-kendala-dalam-beternak-itik,Peluang &amp; Kendala Dalam Beternak Itik,tanaman hias
peluang-pasar-terbuka-luas-di-bisnis,Peluang Pasar Terbuka luas di Bisnis Kemiri,Hewan peliharaan
pemasaran-terkendala-harga-vanili,Ketika Pemasaran Terkendala Harga Vanili,Agroindustri
penanganan-baglog-jamur-tumbuh-maksimal,Penanganan Baglog Jamur Agar Shitake Tumbuh Maksimal,Agroindustri
penangkaran-burung-hias-menggunakan,"Penangkaran Burung Hias Menggunakan \""Bungker\",Budidaya tanaman
penerbang-rindu-sapu-sapu,Penerbang Rindu Sapu-Sapu,Budidaya tanaman
pengawetan-sayur-menggunakan-ozon,Pengawetan Sayur Menggunakan Ozon,Agroindustri
pengembangan-kawasan-agropolitan,Provinsi Gorontalo Dan Pengembangan Kawasan Agropolitan,Hobi pertanian
penggiilingan-gabah-demi-itik,Penggiilingan Gabah Demi Itik,Peternakan
penggunaan-daun-sirsak-sebagai,Penggunaan Daun Sirsak Sebagai Insektisida Nabati Alami,Pertanian organik
penggunaan-nematoda-entomopatogen,Penggunaan Nematoda Entomopatogen Untuk Menekan Serangan Hama Gayas,Pertanian organik
penyakit-ikan-arwana-swimbladder,Cara Mengobati Penyakit Ikan Arwana Swim bladder,akuakultur
pepaya-ipb1-hibrid-unggulan-kreasi,Kreasi Buah Pepaya IPB1 Hibrid Unggulan Dari PKBT IPB,Budidaya tanaman
pepaya-madu-honolulu-pontianak,Pepaya Madu Honolulu Dari Pontianak,Budidaya tanaman
peranan-raiser-ikan-hias-di-indonesia,Peranan Raiser Ikan Hias Di Indonesia,tanaman hias
perang-anthurium-dari-lampung-hingga,Perang Anthurium:  Dari Lampung hingga Karanganyar,Budidaya tanaman
perawatan-pohon-durian-yang-terserang,Perawatan Pohon Durian Yang Terserang Busuk Buah,tanaman hias
perawatan-ranchu-top-view-ala-thailand,Perawatan Ranchu Top View Ala Thailand,Budidaya tanaman
perawatan-taman-dengan-pepohonan,Perawatan Taman Dengan Pepohonan Rindang,Budidaya tanaman
perbanyakan-aglaonema-dengan-cara,Perbanyakan aglaonema dengan cara setek mini,Budidaya tanaman
perbanyakan-setek-pucuk-tanaman-nilam,Teknik Perbanyakan Tanaman Nilam Dengan setek pucuk,Budidaya tanaman
perbedaan-pepaya-california-dan-bibit,Perbedaan Pepaya California dan bibit vanili tahan fusarium,Budidaya tanaman
perburuan-durian-unggul-di-pelosok,Perburuan Durian Unggul Di Pelosok Negri,Budidaya tanaman
perburuan-tanaman-buah-tropis-nan,Perburuan Tanaman Buah Tropis Nan Eksotis dari Florida,tanaman hias
percantik-taman-rumah-dengan-euphorbia,Percantik taman depan rumah Dengan Euphorbia,Pertanian organik
perhitungan-kebutuhan-air-tanaman,Rumus Perhitungan Kebutuhan Air Tanaman Perkebunan,Pertanian organik
perihal-retribusi-dan-larangan,Perihal Retribusi dan Larangan Perdagangan Sarang Walet,Pertanian organik
perihal-usaha-pembesaran-gurami,Perihal Usaha Pembesaran Gurami,Peternakan
periuk-monyet-dari-lahan-gambut,Periuk Monyet: Dari Lahan Gambut Pindah ke Pot,Budidaya tanaman
perjalanan-ke-negeri-seribu-satu,Perjalanan ke Negeri Seribu Satu Aglaonema,tanaman hias
permasalahan-seputar-rantai-pasok-buah,Karnaval Bunga dan Buah Nusantara di Kebun Raya Bogor,Hobi pertanian
persoalan-mahalnya-harga-sayuran-dan,Bisnis Sayuran Dan Kendala Pasokan Yang Makin Sedikit,Budidaya tanaman
pertanian-jeruk-nipis-panduan-budidaya,"Pertanian Jeruk Nipis- Panduan Budidaya, Penanaman, Hama Dan Pemasaran",tanaman hias
pertanian-organik-terpadu,Pertanian Organik Terpadu,Budidaya tanaman
pertanian-padi-menggunakan-sistem,Keunggulan Pertanian Padi Menggunakan Sistem Singgang,Hobi pertanian
pertanian-semi-organik-hasilkan-tomat,Pertanian semi organik Hasilkan Tomat 4 kg per Tanaman,Pertanian organik
pertanyaan-seputar-memulai-usaha-jamur,Pertanyaan seputar memulai usaha jamur dan stroberi,Pertanian organik
pesta-kelengkeng-tumpang,Pesta Kelengkeng Tumpang,Pertanian organik
pestisida-alami-hama-ulat-grayak,Pengendalian Hama Ulat Grayak Menggunakan Pestisida Alami,Pertanian organik
pestisida-nabati-organik-hama-wereng,Pestisida Nabati Berbahan Kentang Pembasmi Hama Wereng Secara Alami,Pertanian organik
peti-kayu-albasia-dari-pohon-sengon,"Permintaan Peti Kayu Sengon Albasia Tinggi, Pekebun Makin Kewalahan",Pertanian organik
pisang-formosana-setandan-sama-besar,Pisang Formosana (GCTCV-218) : Pisang Ukuran Besar Setandan Sama Besar,Pertanian organik
pisang-gapi-gorofio-khas-tanah,Pisang Gapi & Gorofio Khas Tanah Minahasa,Budidaya tanaman
pisang-mas-kirana-tumpuan-lumajang,Pisang Mas Kirana Tumpuan Lumajang,Pertanian organik
pisang-sepatu-amora-tanpa-jantung,"Pisang Sepatu Amora Tanpa Jantung, Tahan Hama Penyakit",Pertanian organik
pkbt-ipb-rilis-pepaya-ipb-4,PKBT IPB Rilis Pepaya IPB-4,Budidaya tanaman
pohon-tanaman-pinang-berkualitas,Tanaman Pinang Unggulan Dari Pohon Berkualitas Prima,Pertanian organik
pola-pertanian-padi-dengan-sistim,Pola Pertanian Padi Dengan Sistim Organik,Pertanian organik
popularitas-ikan-louhan-di-indonesia,Popularitas Ikan Louhan Di Indonesia Dan Malaysia,Pertanian organik
populasi-turun-produksi-justru,"Populasi Turun, Produksi Justru Melambung",Pertanian organik
potensi-bisnis-sarang-walet-di-negri,Potensi Bisnis Sarang Walet Di Negri Vietnam,Budidaya tanaman
potensi-budidaya-perikanan-di,Potensi budidaya perikanan di indonesia,Hobi pertanian
potensi-dan-nilai-ekonomis-duku,Potensi Dan Nilai Ekonomis Duku Punggur Palembang,Budidaya tanaman
pramote-rojruangsang-sang-penghulu,Pramote Rojruangsang Sang Penghulu Aglaonema,Budidaya tanaman
produk-agrikultur,Produk Agrikultur Indonesia: Sebuah Panduan Lengkap,Hobi pertanian
produk-olahan-jagung-manis,Berbagai Manfaat Dan Produk olahan jagung manis,Hobi pertanian
produk-olahan-kelapa-pandan-wangi,Produk unggulan Olahan kelapa pandan wangi,Hobi pertanian
produksi-minyak-daun-cengkih,Produksi Minyak Daun Cengkih Nasional Terkendala Krisis Bahan Baku,Budidaya tanaman
prosedur-kepengurusan-karantina-ikan,Prosedur Kepengurusan Karantina Ikan Hias Import,Hobi pertanian
proses-mengatasi-peningkatan-kadar,Transesterifikasi Kadar Keasaman Minyak Jarak Dalam Proses Pembuatan Energi Alternatif Biodiesel,Hobi pertanian
proses-pemasangan-chip-pada-arowana,Proses Pemasangan Chip Pada Arowana,Hobi pertanian
proses-sertifikasi-produk-pertanian,Proses Sertifikasi Produk Pertanian Organik,Pertanian organik
prospek-bisnis-bubuk-cabe-yang,Prospek Bisnis Bubuk Cabe Yang Menguntungkan,Agroindustri
prospek-bisnis-menggiurkan-lewat,Prospek usaha pertanian jamur kuping,Hobi pertanian
prospek-bisnis-menggiurkan-perkebunan,Prospek Bisnis menggiurkan Perkebunan Sawo,Hobi pertanian
prospek-bisnis-menjanjikan-budidaya,Prospek Bisnis Menjanjikan Budidaya Ayam Seramah,Hobi pertanian
prospek-budidaya-bunga-krisan-di-gowa,Prospek Budidaya Bunga Krisan Di Gowa Sulawesi Selatan,Hobi pertanian
prospek-jangka-panjang-bisnis-sarang,Prospek Jangka Panjang Bisnis Sarang Burung Walet,Agroindustri
prospek-pasar-cabai-diluar-pasar-induk,Prospek Pasar Cabai Diluar Pasar Induk,Agroindustri
pt-east-west-seed-indonesia,PT East West Seed Indonesia Selenggarakan Festival Labu Nusantara Tahunan,Pertanian organik
pupuk-kimia,Pengenalan Dasar Pupuk Kimia dan Manfaatnya,Pertanian organik
pupuk-organik-cair-jamur-tiram,Pacu Produksi Jamur Tiram Dengan Pupuk Organik Cair,Pertanian organik
pupuk-organik-cair,Manfaat Pupuk Organik Cair untuk Pertanian,Pertanian organik
pupuk-organik-eceng-gondok-bukan,Pupuk Organik Eceng Gondok: Bukan Gulma Biasa,Hobi pertanian
pupuk-perangsang-pertumbuhan-jamur,Nutrisi Dan Pupuk Perangsang Pertumbuhan Jamur Untuk Meningkatkan Produksi,Peternakan
puring-daun-berpilin-bernama-croton,Puring Daun Berpilin Bernama Croton,Hobi pertanian
quail-farm-konsep-beternak-secara,Quail Farm: Konsep Beternak Secara Kolektif,Akuakultur
rahasia-keperkasaan-jagoan-bangkok,Rahasia Keperkasaan Jagoan Bangkok Aduan,Hobi pertanian
rahasia-menjaga-kualitas-jamur-bermutu,Kumbung Jamur Merang Untuk Menjaga Kualitas Jamur Terbaik,Hobi pertanian
raja-arwana-dari-bumi-khatulistiwa,Raja Arwana dari Bumi Khatulistiwa,Hobi pertanian
ramai-ramai-tanam-makuto-dewo,Ramai-ramai Tanam Makuto Dewo,Hobi pertanian
rambutan-cilengkeng-dan-basariah,Rambutan Cilengkeng Dan Basariah: Rambutan Langka Daging Buah Tebal Biji Kecil,Hobi pertanian
rambutan-kuning,Rambutan Kuning: Sijangkung Kebanggaan Malaysia,Hobi pertanian
ramuan-rimpang-pengusir-flu-burung,Ramuan Rimpang Sebagai Obat Flu Burung Pada Ayam,Hobi pertanian
ranah-minang-demam-sayur-organik,Ranah Minang Demam sayur organik,Pertanian organik
ranchu-thailand-dan-china-rebut-pasar,Ranchu Thailand Dan China Rebut Pasar Lokal,Hobi pertanian
rawit-rawit-penguasa-pasar,3 Varietas Cabai Rawit Terbaik Dari Minahasa,Hobi pertanian
red-shock-si-raja-merah-sang,Red shock Si Raja Merah Sang Pendatang Baru,Pertanian organik
rekonsiliasi-sektor-agribisnis-tanah,Rekonsiliasi Sektor Agribisnis Tanah Air?,Hobi pertanian
saat-kelezatan-durian-udang-merah,Saat Kelezatan Durian Udang Merah Tercecap di Lidah,Hobi pertanian
saat-pamor-halfmoon-kian-menanjak,Saat Pamor Halfmoon Kian Menanjak,Pertanian organik
saat-sang-kolonel-disihir-bonsai,Saat Sang Kolonel Disihir Bonsai,Hobi pertanian
sakai-fish-farm-gudang-koi-kelas,Sakai Fish Farm: Gudang Koi Kelas Grand Champion,Hobi pertanian
salak-berair-unggulan-sangatta,Salak Berair Unggulan Sangatta,Hobi pertanian
salak-pondoh-lumajang-super-jumbo,Salak Pondoh Lumajang: Ukuran Super Jumbo Rasa Tetap Sama,Hobi pertanian
sang-dosen-penangkar-burung-kicauan,Sang Dosen Penangkar Burung kicauan,Hobi pertanian
sang-ratu-buah-ditunggu-pasar,Sang Ratu Buah Ditunggu Pasar Mancanegara,Hobi pertanian
sangkar-burung-dan-kelestarian-burung,Sangkar Burung Dan Kelestarian Burung Langka,Fokus utama
sansevieria-pinguicula-variegata-lidah,Sansevieria Pinguicula Variegata: Lidah Belang Tebar Pesona,Hobi pertanian
sapu-sapu-dari-ciliwung-dan-amazon,"Sapu Sapu Dari Ciliwung dan Amazon: Nama Sama, Nasib Beda",Agroindustri
sarang-semut-penangkal-kanker-payudara,Tanaman Sarang Semut Untuk Penyembuhan Kanker Payudara,Hobi pertanian
sarang-walet-lenyapkan-sel-kanker,Sarang Walet Lenyapkan Sel Kanker,Hobi pertanian
satu-organik-beragam-tafsir,Satu Organik Beragam Tafsir,Pertanian organik
savings-and-income-relationships-among-households-a-review-of-the-literature,SAVINGS AND INCOME RELATIONSHIPS AMONG HOUSEHOLDS: A REVIEW OF THE LITERATURE,Fokus utama
sayur-lilin-tumbuhan-khas-papua,Sayur Lilin Tanaman Khas Papua Bertekstur Manis Dan Lembut,Pertanian organik
sayuran-bermutu-dari-bawah-naungan,Sayuran Bermutu dari Bawah Naungan Sungkup,Pertanian organik
sebuah-kampung-belimbing-bernama,"Agrowisata kampung belimbing karangsari, Wisata Sambil Menikmati belimbing",Agroindustri
segmentasi-pemeliharaan-itik-di-tanah,Segmentasi Pemeliharaan Itik di Tanah Air,Peternakan
sehari-jadi-petani-stroberi,Sehari Jadi Petani Stroberi,Hobi pertanian
sejarah-penamaan-ayam-hias-serama-asal,Sejarah Penamaan Ayam Hias Serama Asal Malaysia,Hobi pertanian
sejuta-manfaat-dan-khasiat-buah-noni,Sejuta Manfaat Dan Khasiat Buah Noni ( Mengkudu ),Pertanian organik
sejuta-manfaat-dan-khasiat-sarang,Sejuta Manfaat Dan Khasiat Sarang Semut Untuk Pengobatan,Pertanian organik
selendang-grand-champion-bagi-cinhua,Selendang Grand Champion bagi Cinhua,Hobi pertanian
semarak-bunga-eksklusif-penghias-taman,Semarak bunga eksklusif Penghias Taman Rumah,Hobi pertanian
sensasi-jus-istimewa-pulau-penang,Sensasi Jus Istimewa Pulau Penang,Hobi pertanian
sepenggal-ubi-meksiko-di-tanah-citatah,Sepenggal Ubi Meksiko di Tanah Citatah,Hobi pertanian
serama1,Serama,Peternakan
serangan-cacing-emas-resahkan-petani,Serangan Cacing Emas Resahkan Petani Kentang,Akuakultur
seri-sarang-walet-dokumen-dan-kemasan,Seri Sarang Walet: Dokumen dan Kemasan Ekspor,Akuakultur
seri-walet-seriti-pun-tak-merasa,Seri Walet: Seriti pun Tak Merasa Ditipu,Pertanian organik
siasat-cegah-serangan-koi-herpesvirus,Siasat Cegah Serangan Koi Herpes virus (KHV),Pertanian organik
siasat-demi-mendongkrak-produksi-cabai,SIASAT DEMI Mendongkrak Produksi Cabai,Pertanian organik
sikap-konsumen-terhadap-penerapan,Sikap Konsumen Terhadap Penerapan Program Corporate Social Responsibility PT Tanindo Subur Prima,Pertanian organik
sistem-filter-3-tingkat-kolam-arwana,Sistem Filter 3 tingkat Kolam Arwana,Hobi pertanian
sistem-filterisasi-aquarium-degup-si,Sistem Filterisasi Aquarium: Degup si Jantung Akuarium,Agroindustri
sistem-hidroponik-teknik-pasang-surut,Sistem Hidroponik Pasang Surut Bertingkat EBB And FLow,Hobi pertanian
sistem-penyiraman-sederhana-perkebunan,Sistem penyiraman Sederhana Perkebunan Melon,Budidaya tanaman
sistem-tanam-jajar-legowo-tanaman,Tingkatkan Produksi Pertanian Dengan Sistem Tanam Jajar Legowo,Budidaya tanaman
sistim-filter-kolam-koi-sederhana,Sistim Filter Kolam Koi Sederhana,Budidaya tanaman
sistim-hidroponik-talang-bertingkat,Sistim Hidroponik Talang Bertingkat,Budidaya tanaman
solusi-alternatif-mengatasi-kendala,Kendala Dalam Pemasaran Jamur Tiram Serta Solusi Untuk Mengatasinya,Budidaya tanaman
solusi-telur-perkutut-gagal-menetas,Solusi Telur Perkutut Gagal Menetas,Hobi pertanian
sprayer-tanaman-pertanian-bersertifikat,"Sprayer Tanaman Pertanian Bersertifikat SNI, Tanaman Sehat Petani Pun Aman",Agroindustri
srikaya-merah-untuk-koleksi-anda,Tabulampot Srikaya Merah Untuk Koleksi Kebun Rumah,Budidaya tanaman
sterilisasi-lahan-tanah-budidaya,Sterilisasi Lahan Tanah Budidaya Strawberry,Pertanian organik
strategi-cara-membuat-green-house,Cara Membuat Green House: Strategi Dalam Membangun Rumah Kaca,Hobi pertanian
strategi-pemasaran-sayuran-organik,Inovasi Pemasaran Sayuran Organik Hidroponik: Dari Teknik Tanam Bebas Pestisida sampai Kusuma Agrowisata,Agroindustri
strawberry-earlibrite-varietas-yang,Strawberry Earlibrite: Varietas yang Jadi Rahasia,Budidaya tanaman
strawberry-varietas-unggulan-dari,Strawberry Varietas Unggulan Dari Australia,Budidaya tanaman
suara-mahal-sang-kicauan-bernilai,Suara Mahal Sang Kicauan Bernilai Jutaan Rupiah,Hewan peliharaan
sukses-hidroponik-dengan-sayuran-daun,Sukses Hidroponik Dengan Sayuran Daun,Budidaya tanaman
sukses-raup-omzet-50-juta-dari,Sukses Raup Omzet 50 Juta Dari Budidaya Cabai,Budidaya tanaman
super-merah-jawara-di-formosa,Super Merah Jawara di Formosa,Budidaya tanaman
tabulampot-kelengkeng-puan-raja-si,Tabulampot Kelengkeng: Puan Raja Si Genjah Baru,Budidaya tanaman
tabulmpot-saat-pisang-dikungkung,Tabulampot: Saat Pisang Dikungkung Beton,Tanaman hias
taman-tropis-mini,Kesan Maksimal Taman Tropis Mini,Pertanian organik
tanah-gembur-effective-microorganism,Tanah Gembur Secara Organik Dengan Metode Sistim Effective Microorganism,Hobi pertanian
tanaman-air-akuarium-aquascape,"Trend Aquascape Tinggi, Permintaan Akuarium Aquascape Makin Meningkat",Tanaman hias
tanaman-bunga-zinnia,Sepotong tanaman bunga zinnia incaran perangkai bunga,Tanaman hias
tanaman-golok-elok-si-penghias-ruangan,Tanaman Golok Elok Si Penghias Ruangan,Tanaman hias
tanaman-gunung-incaran-para-eksportir,Tanaman Gunung Incaran Para Eksportir,Tanaman hias
tanaman-hias-konsumsi-dari-taman-ke,Tanaman Hias Konsumsi Dari Taman Ke Meja Makan,Budidaya tanaman
tanaman-hias-kuningnya-anggrek-kaki,Tanaman Hias: Kuningnya Anggrek Kaki Gunung Gede,Budidaya tanaman
tanaman-hias-tak-henti-berburu,Tanaman Hias: Tak Henti Berburu Tanaman Unik,Budidaya tanaman
tanaman-kentang-organik-makin-diminati,"Banyak Keuntungan, Pekebun Mulai Lirik Tanaman Kentang Organik",Budidaya tanaman
tanaman-mutasi-daun-putih-kuning,Tanaman Mutasi: Daun Putih Kuning Puluhan Juta Harganya,Budidaya tanaman
tanaman-palawija,Tanaman Palawija: Sumber Pangan Penting Indonesia,Akuakultur
tanaman-philodendron-terbaik-adenium,"Tanaman Philodendron Terbaik, Adenium Yang Dominan",Peternakan
teknik-menyambung-tanaman-cendawan,Teknik Menyambung Batang Tanaman Yang Terserang Cendawan,Peternakan
teknik-packing-lobster-hidup-dengan,Teknik Packing Lobster Hidup Dengan Pembiusan Alami,Agroindustri
teknik-sambung-susu-tanaman-kelengkeng,Teknik sambung susu tanaman kelengkeng,Agroindustri
teknik-sambung-tempel-euphorbia-milii,Teknik Sambung Tempel Euphorbia Milii,Pertanian organik
teknik-tabulampot-atemoya-satu-pot,Teknik Tabulampot Atemoya: Satu Pot Berbuah 347 Atemoya,Pertanian organik
teknik-terbaru-agar-pohon-ulin-tumbuh,Perawatan Benih Kayu ulin Agar Tumbuh Secara Maksimal,Tanaman hias
teknologi-pertanian-dari-kampung,Teknologi Pertanian dari Kampung Santri,Tanaman hias
teknologi-pertanian,Aplikasi Teknologi Industri Pertanian Di Indonesia,Budidaya tanaman
temulawak-terbentur-kualitas-dan,Temulawak: Terbentur Kualitas dan Lokasi,Tanaman hias
tepung-cabai-tambang-rupiah-mustari,Tepung Cabai Tambang Rupiah Mustari,Hobi pertanian
tepung-jepang-cocok-di-dataran-medium,Tepung Jepang Cocok di dataran Medium,Tanaman hias
terapi-ketergantungan-narkoba-lewat,Terapi Ketergantungan Narkoba Lewat Herbal Alami,Tanaman hias
teripang-berhasil-dibudidayakan,Teripang Berhasil Dibudidayakan,Tanaman hias
ternak-ikan-lemon-cichlid-ala-bintaro,Ternak Ikan Lemon Cichlid Ala Bintaro,Budidaya tanaman
ternak-kroto-skala-rumahan-untuk-pemula,Kiat Sukses Ternak Kroto Skala Rumahan Untuk Pemula,Pertanian organik
terung-jepang-dari-lahan-hingga,Manajemen Pengolahan Terong: Dari Lahan hingga Olahan Beku,Hobi pertanian
tiga-gelar-untuk-anggrek-terbaik,Tiga Gelar untuk Anggrek Terbaik,Agroindustri
tiga-jagung-manis-unggul-jagung-bonanza,"Tiga jagung manis unggulan: jagung bonanza 9, Asian Honey",Budidaya tanaman
tiga-mangga-primadona-berkulit-merah,Tiga Mangga Primadona Berkulit Merah,Budidaya tanaman
tips-membuat-taman-indoor-rumah,Tips Membuat Taman Indoor rumah minimalis,Hewan peliharaan
tobat-sambal-para-pekebun-cabai,Tobat Sambal Para Pekebun Cabai,Budidaya tanaman
tomat-ceri-madu-dari-balik-bukit,Tomat ceri: Madu Dari Balik Bukit Pasir,Budidaya tanaman
tracking-pergerakan-penyu-melalui,Tracking Pergerakan Penyu melalui satelit,Budidaya tanaman
trik-dan-langkah-bungakan-kembali,Trik Dan Langkah Bungakan Kembali Anggrek Bulan Yang Layu,Budidaya tanaman
tubuh-bugar-karena-bebas-residu,Tubuh Bugar karena Bebas Residu Kimiawi,Tanaman hias
tujuh-ruangan-penting-dalam-budidaya,Tujuh Ruangan Penting Dalam Budidaya Jamur kancing,Pertanian organik
tumbuhkan-serangga-pakan-walet,Tumbuhkan Serangga Pakan Walet,Hobi pertanian
ubi-daluga-alternatif-pangan-selain,Ubi daluga : Alternatif Pangan Selain Padi,Tanaman hias
ubi-telo-unggulan-silangan-arek-malang,Ubi Telo Unggulan Silangan Arek Malang,Tanaman hias
udang-organik-si-bongkok-melenggang,Sistim Tambak Udang Organik: Si Bongkok Melenggang ke Pasar,Tanaman hias
ukir-nama-anda-di-tubuh-lou,Ukir Nama Anda di Tubuh Lou Han,Tanaman hias
undang-bunga-kastuba-di-lorong-gelap,Undang Bunga Kastuba di Lorong Gelap,Budidaya tanaman
usaha-sayuran-segar-dari-kota-musim,Sayuran Segar Dan Tahan Lama Dari Kota Musim Semi Abadi,Budidaya tanaman
varietas-buah-mangga-raksasa-di-dunia,Varietas Buah mangga raksasa di dunia,Budidaya tanaman
varietas-buah-unggulan-dari-sumatera,Varietas Buah Unggulan Dari Sumatera Utara,Budidaya tanaman
varietas-cabe-unggulan-tahan-penyakit,Varietas Benih Cabe Unggulan Tahan Penyakit,Budidaya tanaman
waspadai-enam-hama-mengintai-jamur,"Waspadai, Enam Hama Mengintai Jamur Tiram",Akuakultur
wave-gelombang-ke-empat-anthurium,Wave Gelombang Ke Empat Anthurium gelombang cinta,Peternakan
yang-manis-langsat-singosari,Yang Manis Langsat Singosari,Peternakan
yang-unik-berharga-jutaan-rupiah,Yang Unik Berharga Jutaan Rupiah,Agroindustri
yellow-pitaya-columbia-di-wonosobo,Yellow Pitaya Columbia di Wonosobo,Agroindustri
